,0,1
0,COV,JHFGFCBP_00157
1,COV,JHFGFCBP_00942
2,COV,JHFGFCBP_00389
3,COV,JHFGFCBP_00175
4,COV,JHFGFCBP_01504
5,COV,JHFGFCBP_01230
6,COV,JHFGFCBP_01070
7,COV,JHFGFCBP_01030
8,COV,JHFGFCBP_01697
9,COV,JHFGFCBP_01698
10,COV,JHFGFCBP_01231
11,COV,JHFGFCBP_00831
12,COV,JHFGFCBP_00829
13,COV,JHFGFCBP_00830
14,COV,JHFGFCBP_01944
15,COV,JHFGFCBP_01696
16,COV,JHFGFCBP_01744
17,COV,JHFGFCBP_00832
18,COV,JHFGFCBP_01947
19,COV,JHFGFCBP_01946
20,COV,JHFGFCBP_01512
21,COV,JHFGFCBP_00731
22,COV,JHFGFCBP_01695
23,COV,JHFGFCBP_00732
24,COV,JHFGFCBP_01229
25,COV,JHFGFCBP_01945
26,COV,JHFGFCBP_00305
27,COV,JHFGFCBP_01759
28,COV,JHFGFCBP_01609
29,COV,JHFGFCBP_01612
30,COV,JHFGFCBP_02007
31,COV,JHFGFCBP_00618
32,COV,JHFGFCBP_00480
33,COV,JHFGFCBP_01187
34,COV,JHFGFCBP_00479
35,COV,JHFGFCBP_00278
36,COV,JHFGFCBP_00481
37,COV,JHFGFCBP_00482
38,COV,JHFGFCBP_00359
39,COV,JHFGFCBP_01627
40,COV,JHFGFCBP_01396
41,COV,JHFGFCBP_01398
42,COV,JHFGFCBP_01628
43,COV,JHFGFCBP_00883
44,COV,JHFGFCBP_00306
45,COV,JHFGFCBP_01397
46,COV,JHFGFCBP_00913
47,COV,JHFGFCBP_01949
48,COV,JHFGFCBP_00045
49,COV,JHFGFCBP_00912
50,COV,JHFGFCBP_00916
51,COV,JHFGFCBP_00915
52,COV,JHFGFCBP_01029
53,COV,JHFGFCBP_01611
54,COV,JHFGFCBP_01910
55,COV,JHFGFCBP_00910
56,COV,JHFGFCBP_01003
57,COV,JHFGFCBP_00046
58,COV,JHFGFCBP_01002
59,COV,JHFGFCBP_00914
60,COV,JHFGFCBP_00911
61,COV,JHFGFCBP_00965
62,COV,JHFGFCBP_01553
63,COV,JHFGFCBP_00044
64,COV,JHFGFCBP_01688
65,COV,JHFGFCBP_00907
66,COV,JHFGFCBP_00790
67,COV,JHFGFCBP_01909
68,COV,JHFGFCBP_01001
69,COV,JHFGFCBP_01188
70,COV,JHFGFCBP_00908
71,COV,JHFGFCBP_00791
72,COV,JHFGFCBP_00909
73,COV,JHFGFCBP_00064
74,COV,JHFGFCBP_00226
75,COV,JHFGFCBP_00225
76,COV,JHFGFCBP_01689
77,COV,JHFGFCBP_00012
78,COV,JHFGFCBP_01690
79,COV,JHFGFCBP_01908
80,COV,JHFGFCBP_00065
81,COV,JHFGFCBP_01293
82,COV,JHFGFCBP_02042
83,COV,JHFGFCBP_01155
84,COV,JHFGFCBP_01156
85,COV,JHFGFCBP_01154
86,COV,JHFGFCBP_02053
87,COV,JHFGFCBP_01153
88,COV,JHFGFCBP_01190
89,COV,JHFGFCBP_01907
90,COV,JHFGFCBP_00095
91,COV,JHFGFCBP_01983
92,COV,JHFGFCBP_00957
93,COV,JHFGFCBP_00715
94,COV,JHFGFCBP_01513
95,COV,JHFGFCBP_01186
96,COV,JHFGFCBP_02016
97,COV,JHFGFCBP_01790
98,COV,JHFGFCBP_01395
99,COV,JHFGFCBP_00274
100,COV,JHFGFCBP_02017
101,COV,JHFGFCBP_01972
102,COV,JHFGFCBP_00703
103,COV,JHFGFCBP_00478
104,COV,JHFGFCBP_01255
105,COV,JHFGFCBP_02043
106,COV,JHFGFCBP_00744
107,COV,JHFGFCBP_00099
108,COV,JHFGFCBP_02045
109,COV,JHFGFCBP_01743
110,COV,JHFGFCBP_01610
111,COV,JHFGFCBP_01355
112,COV,JHFGFCBP_01461
113,COV,JHFGFCBP_01884
114,COV,JHFGFCBP_01430
115,COV,JHFGFCBP_00491
116,COV,JHFGFCBP_00032
117,COV,JHFGFCBP_01287
118,COV,JHFGFCBP_00921
119,COV,JHFGFCBP_00433
120,COV,JHFGFCBP_00767
121,COV,JHFGFCBP_00743
122,COV,JHFGFCBP_01635
123,COV,JHFGFCBP_00887
124,COV,JHFGFCBP_01981
125,COV,JHFGFCBP_01137
126,COV,JHFGFCBP_01012
127,COV,JHFGFCBP_01618
128,COV,JHFGFCBP_01757
129,COV,JHFGFCBP_01550
130,COV,JHFGFCBP_01855
131,COV,JHFGFCBP_00620
132,COV,JHFGFCBP_00590
133,COV,JHFGFCBP_00870
134,COV,JHFGFCBP_01912
135,COV,JHFGFCBP_00674
136,COV,JHFGFCBP_00511
137,COV,JHFGFCBP_00403
138,COV,JHFGFCBP_00173
139,COV,JHFGFCBP_00210
140,COV,JHFGFCBP_02008
141,COV,JHFGFCBP_00650
142,COV,JHFGFCBP_01026
143,COV,JHFGFCBP_00826
144,COV,JHFGFCBP_01367
145,COV,JHFGFCBP_01265
146,COV,JHFGFCBP_02013
147,COV,JHFGFCBP_01189
148,COV,JHFGFCBP_00672
149,COV,JHFGFCBP_01193
150,COV,JHFGFCBP_01223
151,COV,JHFGFCBP_00435
152,COV,JHFGFCBP_00734
153,COV,JHFGFCBP_00623
154,COV,JHFGFCBP_01462
155,COV,JHFGFCBP_01291
156,COV,JHFGFCBP_01769
157,COV,JHFGFCBP_01384
158,COV,JHFGFCBP_00998
159,COV,JHFGFCBP_01986
160,COV,JHFGFCBP_00100
161,COV,JHFGFCBP_00966
162,COV,JHFGFCBP_01358
163,COV,JHFGFCBP_02046
164,COV,JHFGFCBP_02040
165,COV,JHFGFCBP_00534
166,COV,JHFGFCBP_00992
167,COV,JHFGFCBP_01366
168,COV,JHFGFCBP_01254
169,COV,JHFGFCBP_01085
170,COV,JHFGFCBP_00735
171,COV,JHFGFCBP_00379
172,COV,JHFGFCBP_01906
173,COV,JHFGFCBP_00434
174,COV,JHFGFCBP_01661
175,COV,JHFGFCBP_00591
176,COV,JHFGFCBP_01213
177,COV,JHFGFCBP_01732
178,COV,JHFGFCBP_02015
179,COV,JHFGFCBP_01647
180,COV,JHFGFCBP_00993
181,COV,JHFGFCBP_00733
182,COV,JHFGFCBP_01975
